hour,day_of_week,temperature,humidity,occupancy
0,3,19.68,41.37,0.042
1,3,20.84,47.62,0.171
2,3,22.05,52.02,0.141
3,3,23.46,51.69,0.076
4,3,23.53,55.34,0.066
5,3,25.45,62.18,0.257
6,3,24.61,60.48,0.048
7,3,25.03,61.39,0.183
8,3,24.3,62.99,0.72
9,3,24.6,60.11,0.74
10,3,24.59,56.36,0.699
11,3,22.79,48.3,0.572
12,3,21.56,43.18,0.304
13,3,20.45,37.02,0.505
14,3,18.95,39.86,0.66
15,3,17.81,32.4,0.597
16,3,18.08,27.27,0.626
17,3,17.04,22.5,0.724
18,3,17.49,21.89,0.59
19,3,16.65,25.59,0.232
20,3,16.3,24.57,0.204
21,3,17.71,27.96,0.059
22,3,18.07,28.92,0.097
23,3,19.04,37.28,0.0
0,4,20.64,40.73,0.069
1,4,20.76,46.16,0.16
2,4,23.11,52.35,0.098
3,4,23.67,56.21,0.081
4,4,23.56,56.15,0.077
5,4,24.25,57.74,0.173
6,4,25.32,60.48,0.236
7,4,23.96,59.91,0.173
8,4,24.22,65.17,0.726
9,4,24.08,63.83,0.655
10,4,23.74,57.99,0.746
11,4,21.2,53.07,0.702
12,4,20.93,45.16,0.499
13,4,19.58,42.63,0.648
14,4,19.92,36.73,0.64
15,4,18.01,31.53,0.633
16,4,18.52,28.65,0.718
17,4,17.91,27.65,0.691
18,4,17.13,27.29,0.698
19,4,16.14,20.0,0.05
20,4,17.11,22.8,0.086
21,4,17.23,24.55,0.149
22,4,18.5,34.95,0.029
23,4,18.76,33.26,0.075
0,5,19.56,41.94,0.124
1,5,21.53,45.02,0.164
2,5,22.36,53.37,0.076
3,5,23.15,54.51,0.048
4,5,23.68,59.57,0.104
5,5,23.95,59.98,0.135
6,5,24.57,59.79,0.149
7,5,24.52,60.82,0.093
8,5,24.03,62.37,0.232
9,5,23.32,56.07,0.154
10,5,22.64,52.15,0.204
11,5,20.71,48.65,0.334
12,5,20.25,43.14,0.131
13,5,19.58,39.36,0.257
14,5,19.04,33.03,0.117
15,5,18.1,30.19,0.104
16,5,17.53,24.73,0.159
17,5,16.75,22.72,0.262
18,5,17.21,20.0,0.151
19,5,17.06,20.26,0.37
20,5,17.29,25.49,0.101
21,5,17.57,23.59,0.106
22,5,18.47,30.06,0.128
23,5,19.52,37.17,0.135
0,6,20.63,40.97,0.094
1,6,21.53,46.82,0.215
2,6,23.03,53.0,0.22
3,6,22.58,57.73,0.16
4,6,23.72,59.76,0.154
5,6,23.87,63.86,0.029
6,6,24.52,65.96,0.078
7,6,23.54,60.21,0.071
8,6,24.09,62.33,0.332
9,6,23.29,51.33,0.136
10,6,22.58,52.16,0.193
11,6,22.18,42.67,0.205
12,6,20.49,44.11,0.174
13,6,18.92,36.76,0.097
14,6,17.86,30.73,0.122
15,6,18.14,25.57,0.078
16,6,16.6,23.48,0.0
17,6,16.35,21.87,0.196
18,6,16.57,23.53,0.237
19,6,16.06,24.19,0.084
20,6,16.95,23.87,0.249
21,6,17.13,27.57,0.0
22,6,16.54,32.56,0.046
23,6,18.91,37.99,0.242
0,0,20.68,41.94,0.147
1,0,21.5,44.76,0.087
2,0,22.3,51.99,0.016
3,0,23.11,56.27,0.328
4,0,24.11,58.92,0.127
5,0,24.56,62.09,0.133
6,0,24.04,57.84,0.068
7,0,23.69,61.78,0.051
8,0,24.07,63.17,0.688
9,0,23.89,60.66,0.725
10,0,22.98,57.8,0.681
11,0,22.53,52.96,0.588
12,0,20.92,45.35,0.414
13,0,20.22,40.64,0.686
14,0,20.04,35.57,0.68
15,0,17.84,29.8,0.457
16,0,17.96,30.1,0.735
17,0,17.11,26.4,0.681
18,0,16.85,22.83,0.602
19,0,16.07,22.7,0.011
20,0,16.42,20.26,0.0
21,0,17.14,27.5,0.149
22,0,17.47,31.98,0.213
23,0,19.45,32.75,0.114
0,1,20.0,43.86,0.125
1,1,21.12,48.42,0.116
2,1,21.78,49.16,0.146
3,1,23.67,53.64,0.111
4,1,23.52,57.77,0.268
5,1,24.52,61.42,0.203
6,1,23.81,62.7,0.091
7,1,23.36,60.53,0.195
8,1,24.89,64.51,0.698
9,1,24.3,63.97,0.612
10,1,22.99,55.85,0.662
11,1,21.84,55.84,0.796
12,1,21.61,42.98,0.347
13,1,21.15,38.09,0.698
14,1,18.55,39.13,0.547
15,1,17.83,30.91,0.433
16,1,19.15,29.4,0.741
17,1,18.03,28.09,0.739
18,1,18.03,26.56,0.584
19,1,15.62,20.44,0.094
20,1,17.26,22.46,0.145
21,1,17.89,26.23,0.071
22,1,18.32,28.77,0.0
23,1,19.36,34.99,0.036
0,2,20.62,40.61,0.04
1,2,21.15,44.7,0.14
2,2,22.23,50.1,0.0
3,2,23.19,57.04,0.13
4,2,24.0,59.47,0.0
5,2,24.48,60.62,0.221
6,2,24.34,60.68,0.152
7,2,22.64,62.11,0.005
8,2,23.57,65.18,0.585
9,2,24.1,59.2,0.679
10,2,22.94,57.71,0.69
11,2,22.25,51.2,0.674
12,2,21.31,44.64,0.507
13,2,19.62,40.8,0.693
14,2,18.62,37.57,0.635
15,2,17.81,31.07,0.645
16,2,17.22,30.42,0.532
17,2,17.63,29.48,0.632
18,2,16.7,25.59,0.507
19,2,15.71,21.64,0.131
20,2,16.75,23.33,0.019
21,2,17.13,25.94,0.161
22,2,18.96,34.14,0.103
23,2,17.91,32.73,0.058
0,3,19.49,42.01,0.147
1,3,20.94,42.42,0.093
2,3,23.46,54.04,0.205
3,3,22.1,59.91,0.077
4,3,24.27,56.93,0.012
5,3,24.11,61.4,0.02
6,3,23.44,58.38,0.0
7,3,23.92,62.38,0.077
8,3,25.37,62.83,0.692
9,3,24.68,59.18,0.672
10,3,22.59,54.81,0.681
11,3,21.97,47.54,0.619
12,3,20.54,43.85,0.371
13,3,20.08,39.38,0.648
14,3,18.84,37.04,0.716
15,3,17.84,32.1,0.581
16,3,17.95,31.08,0.676
17,3,16.37,27.72,0.629
18,3,17.31,23.54,0.79
19,3,16.19,20.0,0.127
20,3,15.37,24.46,0.038
21,3,16.93,27.52,0.096
22,3,17.95,31.84,0.257
23,3,19.08,37.33,0.116
0,4,20.2,41.59,0.061
1,4,21.4,45.05,0.047
2,4,22.18,53.45,0.196
3,4,23.84,56.81,0.097
4,4,23.55,58.22,0.162
5,4,23.67,60.86,0.039
6,4,24.38,61.44,0.198
7,4,24.48,59.23,0.035
8,4,25.7,65.23,0.606
9,4,25.36,61.12,0.776
10,4,23.11,55.21,0.633
11,4,22.47,54.42,0.791
12,4,20.81,44.28,0.364
13,4,20.33,39.64,0.68
14,4,18.56,38.3,0.738
15,4,18.03,29.74,0.601
16,4,17.93,30.56,0.71
17,4,17.09,25.78,0.648
18,4,15.94,26.28,0.607
19,4,16.26,20.76,0.09
20,4,16.98,20.47,0.123
21,4,18.03,31.32,0.228
22,4,17.63,26.91,0.0
23,4,19.07,34.4,0.043
0,5,19.41,39.4,0.0
1,5,21.08,46.51,0.048
2,5,21.44,52.08,0.055
3,5,21.93,50.66,0.021
4,5,23.19,57.11,0.131
5,5,24.05,58.15,0.125
6,5,24.01,60.29,0.084
7,5,24.64,59.37,0.141
8,5,23.24,56.36,0.054
9,5,23.77,57.61,0.253
10,5,22.59,51.53,0.182
11,5,20.95,47.51,0.189
12,5,19.91,42.23,0.019
13,5,19.31,34.49,0.181
14,5,19.34,30.84,0.177
15,5,17.64,25.41,0.127
16,5,16.28,21.0,0.094
17,5,16.53,26.69,0.394
18,5,16.16,21.77,0.147
19,5,16.64,24.83,0.087
20,5,16.6,23.61,0.093
21,5,17.81,27.76,0.141
22,5,18.37,28.51,0.152
23,5,19.26,34.64,0.204
0,6,19.96,43.55,0.21
1,6,21.38,48.19,0.187
2,6,22.8,50.64,0.128
3,6,23.27,54.86,0.191
4,6,23.46,60.82,0.226
5,6,24.36,61.23,0.1
6,6,25.62,63.77,0.223
7,6,23.84,59.97,0.084
8,6,23.88,57.38,0.199
9,6,22.61,56.53,0.13
10,6,22.62,51.3,0.097
11,6,22.81,48.27,0.206
12,6,21.44,38.12,0.097
13,6,19.05,36.13,0.14
14,6,17.38,32.28,0.141
15,6,17.92,28.05,0.101
16,6,16.18,25.37,0.073
17,6,15.79,20.0,0.066
18,6,15.0,21.82,0.148
19,6,16.72,20.07,0.068
20,6,17.21,23.21,0.144
21,6,18.27,31.22,0.172
22,6,18.66,29.0,0.121
23,6,19.87,32.96,0.175
0,0,20.75,35.08,0.032
1,0,20.69,44.1,0.003
2,0,22.54,50.49,0.001
3,0,22.03,52.58,0.126
4,0,24.11,58.74,0.0
5,0,24.85,60.47,0.111
6,0,23.74,61.61,0.034
7,0,23.85,61.27,0.099
8,0,23.97,65.1,0.59
9,0,23.56,58.47,0.688
10,0,22.97,58.1,0.759
11,0,22.16,56.42,0.677
12,0,20.71,43.53,0.412
13,0,20.34,40.05,0.63
14,0,20.2,36.48,0.623
15,0,19.41,33.26,0.715
16,0,18.16,30.4,0.593
17,0,17.83,27.32,0.649
18,0,16.93,25.8,0.498
19,0,16.69,22.62,0.057
20,0,16.12,21.87,0.112
21,0,17.01,26.96,0.067
22,0,19.19,25.99,0.107
23,0,18.76,33.56,0.0
0,1,19.92,41.86,0.049
1,1,21.68,44.25,0.145
2,1,22.97,54.19,0.152
3,1,23.22,57.22,0.172
4,1,23.15,58.55,0.262
5,1,24.75,61.34,0.085
6,1,24.55,64.16,0.121
7,1,24.9,59.88,0.324
8,1,24.38,62.76,0.712
9,1,23.24,61.01,0.692
10,1,23.23,59.39,0.791
11,1,21.86,49.15,0.626
12,1,21.41,44.15,0.393
13,1,20.68,39.76,0.75
14,1,19.33,37.1,0.714
15,1,18.26,30.03,0.502
16,1,18.05,30.11,0.587
17,1,16.37,27.86,0.631
18,1,16.77,28.55,0.626
19,1,16.05,22.31,0.167
20,1,15.85,26.95,0.103
21,1,17.14,27.6,0.219
22,1,17.53,30.99,0.043
23,1,19.46,38.14,0.106
0,2,18.97,37.05,0.008
1,2,21.23,46.24,0.069
2,2,22.46,52.2,0.023
3,2,22.96,51.38,0.0
4,2,22.95,59.73,0.073
5,2,25.29,60.34,0.145
6,2,23.94,60.86,0.006
7,2,24.46,61.74,0.208
8,2,24.5,65.02,0.839
9,2,23.59,59.43,0.672
10,2,24.34,52.66,0.546
11,2,21.62,51.37,0.628
12,2,20.3,43.29,0.253
13,2,19.87,41.1,0.78
14,2,19.93,33.23,0.696
15,2,18.44,27.55,0.643
16,2,18.42,31.12,0.759
17,2,16.75,28.82,0.642
18,2,17.58,28.94,0.683
19,2,16.63,24.88,0.173
20,2,16.68,29.24,0.178
21,2,17.47,27.77,0.0
22,2,18.35,29.26,0.188
23,2,19.09,35.13,0.03
0,3,20.08,38.83,0.072
1,3,21.9,47.04,0.275
2,3,21.59,51.12,0.13
3,3,23.32,54.7,0.0
4,3,23.61,61.56,0.21
5,3,23.26,62.11,0.0
6,3,24.33,60.82,0.0
7,3,24.57,60.58,0.114
8,3,24.07,64.38,0.603
9,3,24.97,62.32,0.718
10,3,23.62,58.19,0.695
11,3,21.97,54.96,0.681
12,3,20.76,41.87,0.423
13,3,19.83,41.78,0.484
14,3,19.5,39.42,0.698
15,3,18.15,31.56,0.594
16,3,17.75,28.27,0.607
17,3,17.18,29.45,0.512
18,3,17.64,23.97,0.483
19,3,16.58,21.56,0.0
20,3,16.91,23.01,0.02
21,3,17.88,29.22,0.151
22,3,18.16,29.04,0.098
23,3,19.13,34.75,0.195
0,4,20.32,41.6,0.074
1,4,20.45,45.3,0.077
2,4,22.53,54.44,0.074
3,4,22.81,54.15,0.158
4,4,22.9,60.62,0.223
5,4,24.18,61.99,0.182
6,4,24.27,63.92,0.268
7,4,24.09,54.71,0.018
8,4,24.87,59.96,0.692
9,4,24.09,56.81,0.548
10,4,22.92,56.93,0.621
11,4,22.81,49.74,0.621
12,4,22.01,42.44,0.535
13,4,21.2,41.26,0.847
14,4,18.83,37.61,0.638
15,4,18.03,31.29,0.443
16,4,18.87,26.75,0.656
17,4,17.93,25.9,0.6
18,4,17.34,27.21,0.617
19,4,15.82,20.67,0.149
20,4,17.31,25.94,0.109
21,4,16.7,22.05,0.125
22,4,18.56,29.2,0.0
23,4,18.8,34.36,0.054
0,5,20.11,38.82,0.17
1,5,20.57,46.36,0.114
2,5,22.43,46.98,0.153
3,5,23.25,55.98,0.146
4,5,22.5,57.86,0.068
5,5,23.79,62.64,0.233
6,5,24.17,55.96,0.048
7,5,24.36,59.11,0.198
8,5,24.11,57.04,0.27
9,5,21.99,56.13,0.214
10,5,22.12,50.62,0.035
11,5,22.16,42.94,0.1
12,5,20.38,46.18,0.29
13,5,19.65,37.44,0.303
14,5,18.42,29.9,0.147
15,5,16.32,23.41,0.0
16,5,17.08,26.94,0.251
17,5,16.28,20.0,0.104
18,5,16.77,23.72,0.131
19,5,16.67,21.15,0.234
20,5,16.41,24.8,0.102
21,5,17.72,26.98,0.079
22,5,19.01,30.91,0.062
23,5,18.81,34.09,0.08
0,6,20.22,46.11,0.304
1,6,20.53,49.48,0.116
2,6,22.44,54.19,0.135
3,6,23.06,54.96,0.009
4,6,24.33,58.43,0.145
5,6,23.49,56.6,0.161
6,6,23.85,62.63,0.191
7,6,24.15,60.52,0.256
8,6,23.35,59.88,0.107
9,6,22.97,59.42,0.131
10,6,22.25,52.94,0.171
11,6,21.35,46.79,0.069
12,6,20.52,39.69,0.156
13,6,19.31,32.46,0.085
14,6,18.58,32.68,0.152
15,6,18.24,27.38,0.082
16,6,16.76,20.0,0.067
17,6,16.72,23.14,0.21
18,6,16.04,20.0,0.155
19,6,16.06,20.0,0.206
20,6,16.27,23.76,0.036
21,6,17.27,23.24,0.098
22,6,18.36,29.9,0.231
23,6,19.68,39.24,0.34
0,0,19.7,42.73,0.099
1,0,20.63,48.27,0.012
2,0,22.1,51.78,0.22
3,0,23.08,55.17,0.0
4,0,24.16,57.65,0.195
5,0,23.36,60.72,0.196
6,0,24.25,59.67,0.081
7,0,24.31,60.23,0.106
8,0,25.09,58.82,0.631
9,0,23.63,60.65,0.636
10,0,24.64,61.21,0.882
11,0,22.38,50.76,0.755
12,0,20.54,44.64,0.46
13,0,20.38,40.31,0.517
14,0,19.2,33.05,0.684
15,0,17.99,36.7,0.596
16,0,18.26,24.17,0.751
17,0,17.71,25.22,0.558
18,0,17.36,23.9,0.585
19,0,16.18,24.79,0.203
20,0,16.28,26.57,0.048
21,0,17.06,29.57,0.084
22,0,17.27,29.01,0.028
23,0,18.62,36.28,0.025
0,1,19.18,40.56,0.039
1,1,22.12,47.65,0.104
2,1,22.57,48.11,0.093
3,1,23.74,56.33,0.171
4,1,23.19,55.58,0.0
5,1,25.07,60.63,0.156
6,1,24.07,62.93,0.168
7,1,24.69,65.01,0.2
8,1,24.89,63.6,0.75
9,1,24.22,63.24,0.733
10,1,23.4,54.4,0.696
11,1,22.28,50.38,0.716
12,1,20.4,43.33,0.398
13,1,20.3,39.68,0.659
14,1,18.76,35.45,0.612
15,1,18.65,33.61,0.641
16,1,17.78,29.06,0.689
17,1,17.21,25.87,0.542
18,1,17.02,27.26,0.594
19,1,17.23,21.86,0.268
20,1,16.69,20.77,0.023
21,1,17.49,27.22,0.172
22,1,18.71,33.48,0.098
23,1,19.89,33.43,0.083
0,2,19.71,36.9,0.0
1,2,20.76,46.22,0.178
2,2,22.14,48.53,0.105
3,2,23.17,55.49,0.227
4,2,24.5,60.53,0.22
5,2,23.59,56.13,0.0
6,2,24.55,62.21,0.221
7,2,24.25,58.04,0.0
8,2,24.31,64.54,0.584
9,2,23.52,58.12,0.593
10,2,22.97,54.11,0.743
11,2,21.91,55.16,0.657
12,2,20.52,43.65,0.232
13,2,19.92,42.78,0.657
14,2,18.88,38.32,0.612
15,2,19.15,27.72,0.492
16,2,17.68,29.48,0.64
17,2,17.17,24.84,0.578
18,2,17.23,25.35,0.8
19,2,15.64,21.21,0.081
20,2,16.04,21.19,0.0
21,2,17.11,24.73,0.049
22,2,18.07,31.41,0.009
23,2,18.61,39.75,0.156
0,3,20.91,43.54,0.086
1,3,21.85,44.72,0.091
2,3,22.9,49.79,0.115
3,3,23.01,54.99,0.21
4,3,23.72,61.38,0.232
5,3,23.81,62.8,0.184
6,3,24.36,63.27,0.137
7,3,23.96,62.72,0.076
8,3,24.83,63.44,0.686
9,3,24.83,61.46,0.794
10,3,23.59,57.52,0.701
11,3,22.09,49.75,0.654
12,3,21.06,48.4,0.483
13,3,20.53,44.57,0.637
14,3,19.17,36.5,0.632
15,3,17.37,30.37,0.648
16,3,17.81,25.92,0.705
17,3,17.16,25.83,0.54
18,3,16.12,29.44,0.685
19,3,17.03,20.73,0.002
20,3,16.55,23.53,0.097
21,3,17.78,26.97,0.149
22,3,17.58,26.13,0.0
23,3,19.08,35.24,0.0
0,4,19.87,40.99,0.0
1,4,21.29,47.36,0.117
2,4,21.62,50.36,0.01
3,4,22.71,57.85,0.1
4,4,23.6,60.04,0.058
5,4,24.35,56.52,0.159
6,4,23.72,60.03,0.063
7,4,24.83,58.69,0.168
8,4,25.4,68.0,0.756
9,4,23.5,60.7,0.698
10,4,23.13,57.35,0.773
11,4,22.05,48.65,0.808
12,4,20.28,44.51,0.386
13,4,19.92,41.6,0.495
14,4,19.46,38.24,0.683
15,4,19.83,33.57,0.584
16,4,18.01,28.47,0.544
17,4,17.21,27.49,0.703
18,4,17.31,28.79,0.609
19,4,15.76,20.11,0.101
20,4,16.66,26.4,0.121
21,4,16.91,27.33,0.158
22,4,18.07,27.72,0.145
23,4,19.37,37.51,0.2
0,5,20.56,44.04,0.167
1,5,21.72,51.65,0.162
2,5,21.44,52.88,0.124
3,5,22.97,53.45,0.2
4,5,24.15,61.95,0.287
5,5,25.41,61.73,0.125
6,5,24.9,57.98,0.131
7,5,23.77,61.31,0.11
8,5,23.53,58.4,0.078
9,5,22.58,57.72,0.033
10,5,21.86,53.41,0.088
11,5,21.44,47.75,0.113
12,5,19.79,41.99,0.174
13,5,19.54,35.17,0.123
14,5,17.49,31.38,0.095
15,5,18.35,26.9,0.142
16,5,16.49,23.98,0.057
17,5,16.49,20.0,0.088
18,5,16.39,22.37,0.157
19,5,16.66,20.0,0.064
20,5,17.12,22.79,0.011
21,5,17.76,30.81,0.194
22,5,18.22,35.78,0.212
23,5,19.23,40.25,0.223
0,6,20.43,42.43,0.194
1,6,21.26,44.27,0.033
2,6,22.24,50.0,0.189
3,6,23.61,58.23,0.123
4,6,23.78,63.62,0.214
5,6,24.49,61.46,0.184
6,6,24.28,62.36,0.198
7,6,24.29,60.77,0.017
8,6,23.01,60.04,0.135
9,6,23.51,55.59,0.199
10,6,23.17,52.34,0.237
11,6,21.67,47.57,0.081
12,6,21.0,44.02,0.274
13,6,18.94,38.11,0.085
14,6,18.16,32.62,0.08
15,6,16.43,30.96,0.137
16,6,16.94,24.9,0.135
17,6,17.35,21.26,0.005
18,6,16.31,20.0,0.174
19,6,17.79,22.82,0.126
20,6,16.4,24.65,0.275
21,6,17.62,22.68,0.019
22,6,16.84,28.43,0.116
23,6,18.69,34.91,0.0
0,0,20.25,43.82,0.097
1,0,21.25,45.71,0.152
2,0,22.33,50.15,0.018
3,0,23.08,54.12,0.043
4,0,23.95,61.34,0.118
5,0,23.47,58.92,0.011
6,0,24.13,58.51,0.201
7,0,24.44,60.07,0.068
8,0,25.39,63.66,0.757
9,0,24.0,60.09,0.752
10,0,23.73,60.11,0.758
11,0,22.5,52.9,0.636
12,0,20.21,41.06,0.317
13,0,20.48,40.25,0.845
14,0,20.01,34.11,0.678
15,0,18.56,36.59,0.622
16,0,17.94,26.57,0.634
17,0,17.57,23.48,0.621
18,0,16.55,29.37,0.629
19,0,16.32,22.57,0.144
20,0,16.07,23.74,0.106
21,0,17.43,27.02,0.076
22,0,17.9,32.26,0.129
23,0,18.74,35.85,0.074
0,1,20.08,40.73,0.111
1,1,20.74,47.35,0.223
2,1,22.64,48.85,0.123
3,1,22.09,53.72,0.116
4,1,23.77,61.11,0.18
5,1,24.79,61.84,0.179
6,1,23.16,62.48,0.041
7,1,23.57,61.58,0.09
8,1,24.85,65.62,0.723
9,1,24.56,58.02,0.597
10,1,23.97,59.97,0.66
11,1,22.49,53.67,0.69
12,1,21.11,43.36,0.372
13,1,20.85,42.04,0.73
14,1,18.71,38.65,0.591
15,1,18.76,32.68,0.647
16,1,17.84,28.65,0.59
17,1,17.16,21.67,0.506
18,1,16.62,25.07,0.569
19,1,16.34,26.1,0.099
20,1,16.66,25.65,0.241
21,1,17.87,26.8,0.0
22,1,17.01,28.27,0.022
23,1,18.89,34.22,0.058
0,2,19.98,40.98,0.0
1,2,22.26,41.42,0.068
2,2,21.47,52.76,0.069
3,2,23.22,55.89,0.174
4,2,23.19,58.29,0.027
5,2,23.28,60.31,0.063
6,2,23.96,66.34,0.143
7,2,23.53,60.85,0.16
8,2,24.8,66.68,0.666
9,2,23.49,61.81,0.786
10,2,23.08,56.8,0.645
11,2,21.79,48.02,0.606
12,2,20.46,40.67,0.328
13,2,20.5,40.59,0.673
14,2,20.11,37.45,0.677
15,2,19.17,32.47,0.723
16,2,18.26,27.39,0.658
17,2,17.2,30.8,0.687
18,2,18.6,30.38,0.841
19,2,16.28,20.98,0.074
20,2,17.14,20.0,0.042
21,2,16.5,24.21,0.062
22,2,17.83,29.68,0.0
23,2,19.26,35.66,0.109
0,3,20.86,39.89,0.125
1,3,20.95,45.16,0.034
2,3,22.44,50.43,0.161
3,3,24.18,57.03,0.211
4,3,23.86,61.1,0.17
5,3,23.56,60.62,0.0
6,3,24.98,62.3,0.175
7,3,25.27,58.54,0.024
8,3,24.89,65.39,0.782
9,3,23.68,62.28,0.655
10,3,23.25,55.03,0.69
11,3,22.55,56.38,0.77
12,3,21.4,38.88,0.303
13,3,19.59,40.99,0.714
14,3,17.91,40.17,0.65
15,3,19.04,32.33,0.597
16,3,18.23,29.71,0.807
17,3,16.4,28.62,0.598
18,3,17.77,28.77,0.644
19,3,15.91,20.0,0.0
20,3,17.08,23.25,0.197
21,3,17.09,24.91,0.0
22,3,18.29,31.92,0.212
23,3,19.33,35.72,0.151
0,4,19.83,41.74,0.071
1,4,21.65,52.16,0.187
2,4,22.01,55.02,0.136
3,4,23.52,55.38,0.178
4,4,24.23,57.98,0.211
5,4,23.89,58.35,0.038
6,4,24.15,58.72,0.085
7,4,24.19,61.95,0.182
8,4,25.09,62.28,0.758
9,4,24.37,61.55,0.694
10,4,23.04,55.21,0.706
11,4,23.09,53.5,0.737
12,4,20.59,48.0,0.461
13,4,20.92,42.69,0.613
14,4,19.05,36.45,0.554
15,4,17.89,29.31,0.526
16,4,18.46,32.87,0.824
17,4,17.3,26.65,0.597
18,4,17.73,28.92,0.649
19,4,16.22,22.57,0.085
20,4,17.16,21.93,0.0
21,4,17.62,27.26,0.072
22,4,18.0,30.06,0.08
23,4,18.65,35.73,0.019
0,5,21.53,38.44,0.21
1,5,21.28,47.97,0.004
2,5,23.18,53.61,0.191
3,5,24.13,56.13,0.218
4,5,23.49,58.3,0.13
5,5,24.05,60.8,0.129
6,5,24.39,58.61,0.08
7,5,24.17,56.91,0.213
8,5,23.93,59.44,0.103
9,5,23.95,58.25,0.3
10,5,22.44,53.43,0.205
11,5,21.05,45.41,0.076
12,5,20.84,40.79,0.251
13,5,18.88,36.93,0.099
14,5,17.57,31.26,0.11
15,5,18.09,32.89,0.206
16,5,16.3,27.56,0.183
17,5,16.47,20.0,0.103
18,5,16.31,21.96,0.205
19,5,15.57,20.03,0.082
20,5,16.96,24.82,0.118
21,5,17.93,23.99,0.275
22,5,17.91,36.08,0.104
23,5,19.55,36.01,0.133
0,6,20.43,41.64,0.185
1,6,21.57,44.98,0.116
2,6,21.79,50.68,0.185
3,6,23.12,53.92,0.0
4,6,24.25,61.83,0.26
5,6,24.35,58.8,0.161
6,6,23.87,58.39,0.0
7,6,24.96,60.36,0.158
8,6,23.44,58.12,0.26
9,6,23.41,54.79,0.206
10,6,22.73,48.98,0.111
11,6,22.25,45.33,0.142
12,6,20.24,39.61,0.133
13,6,19.75,36.84,0.047
14,6,18.25,34.66,0.177
15,6,16.92,24.67,0.198
16,6,16.81,22.24,0.164
17,6,15.47,22.41,0.052
18,6,15.63,21.28,0.087
19,6,17.52,24.67,0.291
20,6,17.45,24.22,0.213
21,6,17.71,25.93,0.127
22,6,18.19,29.93,0.03
23,6,19.84,32.32,0.047
0,0,20.99,42.57,0.161
1,0,20.51,45.84,0.0
2,0,22.52,52.17,0.052
3,0,22.98,56.59,0.0
4,0,23.91,55.37,0.058
5,0,24.1,60.4,0.102
6,0,24.44,59.56,0.107
7,0,24.31,60.41,0.056
8,0,24.73,64.54,0.703
9,0,24.06,60.23,0.648
10,0,23.33,55.52,0.651
11,0,21.68,53.48,0.76
12,0,21.31,44.1,0.4
13,0,20.85,40.02,0.652
14,0,18.83,35.71,0.675
15,0,18.66,32.06,0.643
16,0,18.32,29.76,0.652
17,0,17.28,24.51,0.631
18,0,16.82,28.46,0.744
19,0,16.08,21.19,0.154
20,0,17.24,22.42,0.143
21,0,16.77,27.25,0.0
22,0,18.59,32.0,0.103
23,0,19.13,37.91,0.087
0,1,21.33,39.41,0.268
1,1,22.13,43.43,0.059
2,1,22.64,50.97,0.098
3,1,22.51,57.71,0.07
4,1,23.83,56.76,0.162
5,1,24.39,56.89,0.0
6,1,23.29,60.38,0.0
7,1,23.88,61.37,0.103
8,1,24.39,62.75,0.733
9,1,24.73,60.98,0.783
10,1,22.95,55.36,0.743
11,1,22.61,55.03,0.713
12,1,21.27,49.82,0.576
13,1,20.59,44.4,0.806
14,1,18.8,40.4,0.67
15,1,17.73,33.08,0.684
16,1,17.96,25.37,0.659
17,1,17.21,29.05,0.646
18,1,17.28,27.95,0.674
19,1,16.65,22.94,0.166
20,1,16.45,25.04,0.159
21,1,18.64,29.19,0.273
22,1,18.27,29.02,0.062
23,1,19.49,36.03,0.198
0,2,20.63,44.07,0.127
1,2,22.01,46.38,0.135
2,2,21.84,49.32,0.0
3,2,22.36,59.2,0.174
4,2,22.5,56.92,0.136
5,2,22.88,63.22,0.065
6,2,23.03,60.7,0.145
7,2,23.99,56.13,0.018
8,2,24.07,64.89,0.705
9,2,23.87,64.24,0.592
10,2,23.99,57.6,0.71
11,2,21.59,52.74,0.63
12,2,20.51,42.34,0.354
13,2,20.67,40.39,0.45
14,2,18.88,32.31,0.644
15,2,18.49,33.61,0.653
16,2,17.64,26.94,0.524
17,2,17.6,32.55,0.617
18,2,18.3,28.29,0.679
19,2,16.4,24.13,0.0
20,2,16.51,27.34,0.092
21,2,17.6,27.43,0.12
22,2,19.12,30.88,0.043
23,2,18.26,35.79,0.001
0,3,20.87,44.34,0.198
1,3,19.75,46.8,0.145
2,3,22.39,49.84,0.0
3,3,23.09,58.74,0.162
4,3,23.84,64.27,0.175
5,3,23.73,60.48,0.098
6,3,24.04,63.54,0.154
7,3,23.66,60.39,0.222
8,3,25.47,65.69,0.733
9,3,24.39,58.25,0.722
10,3,23.11,55.45,0.803
11,3,22.55,46.21,0.585
12,3,21.02,46.11,0.302
13,3,20.45,40.27,0.714
14,3,19.47,35.2,0.709
15,3,17.78,32.56,0.526
16,3,17.97,29.35,0.651
17,3,16.84,28.07,0.591
18,3,17.46,27.37,0.607
19,3,16.68,20.15,0.033
20,3,17.14,23.33,0.12
21,3,16.58,27.64,0.228
22,3,17.67,31.84,0.138
23,3,18.94,36.77,0.258
0,4,19.87,41.9,0.132
1,4,21.71,45.16,0.0
2,4,22.5,50.16,0.093
3,4,23.53,54.93,0.119
4,4,23.54,59.98,0.137
5,4,24.41,63.29,0.027
6,4,24.16,58.48,0.116
7,4,24.43,62.85,0.241
8,4,25.08,63.91,0.686
9,4,24.94,60.72,0.856
10,4,23.36,59.64,0.534
11,4,22.02,54.54,0.542
12,4,20.79,44.61,0.338
13,4,19.61,39.78,0.687
14,4,18.73,36.99,0.666
15,4,18.77,30.01,0.652
16,4,18.39,28.81,0.54
17,4,17.91,27.99,0.616
18,4,17.41,32.21,0.685
19,4,16.93,21.36,0.175
20,4,16.67,24.65,0.071
21,4,17.59,27.21,0.064
22,4,19.34,30.98,0.111
23,4,18.8,34.43,0.096
0,5,20.44,42.39,0.243
1,5,20.97,47.03,0.151
2,5,22.29,50.87,0.016
3,5,23.36,55.65,0.252
4,5,23.66,59.83,0.13
5,5,23.63,63.65,0.216
6,5,23.38,63.86,0.257
7,5,23.99,61.11,0.151
8,5,24.59,61.07,0.145
9,5,23.86,55.22,0.13
10,5,22.75,54.31,0.224
11,5,21.03,45.23,0.085
12,5,20.81,39.49,0.159
13,5,19.47,33.44,0.104
14,5,19.41,34.12,0.213
15,5,17.8,28.6,0.27
16,5,17.81,25.06,0.209
17,5,15.79,24.53,0.209
18,5,16.17,21.99,0.158
19,5,17.23,21.98,0.226
20,5,15.54,24.63,0.151
21,5,16.98,28.23,0.12
22,5,18.65,30.88,0.158
23,5,19.41,36.73,0.086
0,6,20.27,40.1,0.244
1,6,21.61,48.3,0.182
2,6,21.03,52.72,0.156
3,6,22.47,55.24,0.027
4,6,24.4,59.61,0.321
5,6,23.47,56.5,0.0
6,6,24.12,64.53,0.152
7,6,24.27,61.83,0.176
8,6,23.3,60.87,0.22
9,6,23.19,56.09,0.267
10,6,20.5,50.66,0.045
11,6,21.34,45.76,0.11
12,6,20.49,43.62,0.236
13,6,18.88,37.45,0.275
14,6,18.8,29.38,0.135
15,6,17.35,27.56,0.165
16,6,16.89,25.85,0.186
17,6,16.91,25.91,0.304
18,6,16.43,20.0,0.059
19,6,15.39,22.39,0.081
20,6,17.18,27.39,0.17
21,6,17.12,27.11,0.138
22,6,19.35,31.74,0.203
23,6,18.47,34.23,0.038
0,0,19.24,39.51,0.0
1,0,21.49,46.28,0.016
2,0,21.9,50.67,0.0
3,0,23.3,53.92,0.181
4,0,24.06,56.69,0.0
5,0,23.15,56.27,0.038
6,0,25.2,62.16,0.063
7,0,24.19,57.38,0.0
8,0,24.48,64.03,0.83
9,0,24.23,63.28,0.719
10,0,23.3,56.23,0.838
11,0,22.41,54.87,0.778
12,0,21.68,43.58,0.503
13,0,20.54,41.18,0.626
14,0,19.05,35.77,0.542
15,0,19.01,32.13,0.675
16,0,18.4,32.03,0.769
17,0,17.96,28.99,0.682
18,0,16.97,25.72,0.652
19,0,16.54,22.66,0.193
20,0,16.58,20.98,0.0
21,0,18.19,32.34,0.299
22,0,19.13,37.71,0.141
23,0,19.25,36.63,0.16
0,1,20.94,43.49,0.293
1,1,21.16,43.55,0.106
2,1,22.97,52.14,0.215
3,1,22.72,58.04,0.046
4,1,23.8,58.14,0.163
5,1,24.34,62.71,0.01
6,1,23.83,63.17,0.138
7,1,24.6,62.15,0.106
8,1,24.31,67.48,0.735
9,1,24.27,61.45,0.768
10,1,22.65,56.4,0.641
11,1,22.63,49.23,0.67
12,1,21.54,47.17,0.639
13,1,20.18,42.91,0.631
14,1,19.37,35.18,0.507
15,1,18.46,32.83,0.577
16,1,17.55,31.71,0.594
17,1,17.68,24.37,0.596
18,1,16.69,26.84,0.499
19,1,16.21,21.45,0.0
20,1,16.94,25.67,0.185
21,1,16.71,22.73,0.021
22,1,17.79,29.49,0.04
23,1,19.01,33.92,0.0
0,2,19.59,34.19,0.014
1,2,21.0,48.15,0.081
2,2,21.98,54.02,0.144
3,2,22.81,56.16,0.105
4,2,23.14,56.64,0.0
5,2,23.8,60.99,0.146
6,2,24.64,58.36,0.101
7,2,24.15,63.41,0.105
8,2,25.08,65.74,0.696
9,2,24.19,61.16,0.612
10,2,23.13,56.31,0.654
11,2,23.13,53.93,0.748
12,2,20.7,42.57,0.326
13,2,19.97,41.09,0.633
14,2,19.05,36.03,0.591
15,2,18.47,34.18,0.7
16,2,17.55,31.38,0.66
17,2,17.72,30.57,0.71
18,2,16.93,21.94,0.662
19,2,16.39,20.0,0.0
20,2,15.89,20.0,0.032
21,2,16.95,26.43,0.043
22,2,19.16,29.2,0.225
23,2,19.92,34.72,0.0
0,3,20.88,38.6,0.04
1,3,21.01,47.56,0.239
2,3,21.12,50.99,0.054
3,3,22.98,55.32,0.164
4,3,23.43,56.66,0.091
5,3,23.76,61.92,0.073
6,3,24.71,66.44,0.114
7,3,24.32,62.25,0.214
8,3,24.35,62.04,0.58
9,3,24.54,64.57,0.688
10,3,22.62,54.9,0.669
11,3,22.04,56.33,0.725
12,3,21.23,43.92,0.43
13,3,20.7,43.3,0.732
14,3,18.84,34.98,0.614
15,3,18.69,32.14,0.673
16,3,18.47,28.44,0.784
17,3,17.21,26.62,0.603
18,3,17.52,24.0,0.553
19,3,16.32,22.06,0.119
20,3,16.37,22.67,0.101
21,3,17.68,26.89,0.188
22,3,17.79,31.28,0.038
23,3,18.37,33.46,0.004
0,4,19.96,39.99,0.022
1,4,21.55,44.47,0.031
2,4,22.54,46.78,0.016
3,4,23.28,52.21,0.061
4,4,24.59,60.68,0.105
5,4,23.43,64.3,0.083
6,4,23.54,63.79,0.072
7,4,23.47,56.31,0.064
8,4,25.41,64.33,0.708
9,4,23.76,58.92,0.48
10,4,22.77,60.84,0.708
11,4,21.53,48.49,0.604
12,4,20.75,45.48,0.361
13,4,20.58,42.09,0.624
14,4,19.3,37.35,0.725
15,4,18.63,33.07,0.666
16,4,18.08,29.1,0.684
17,4,18.15,29.98,0.706
18,4,16.54,25.13,0.72
19,4,17.12,23.98,0.099
20,4,17.29,22.51,0.109
21,4,17.1,26.66,0.118
22,4,18.03,34.63,0.166
23,4,19.62,34.84,0.102
0,5,20.7,40.38,0.037
1,5,20.64,48.92,0.188
2,5,21.58,51.58,0.127
3,5,22.66,54.63,0.02
4,5,23.6,59.94,0.152
5,5,24.33,62.04,0.242
6,5,24.44,63.29,0.136
7,5,24.21,61.85,0.234
8,5,23.64,59.44,0.132
9,5,23.33,53.53,0.087
10,5,22.16,50.02,0.023
11,5,21.27,44.01,0.136
12,5,19.82,44.16,0.102
13,5,18.71,35.92,0.09
14,5,19.2,32.1,0.167
15,5,16.83,26.56,0.098
16,5,17.25,23.86,0.236
17,5,15.67,22.63,0.108
18,5,16.18,21.93,0.065
19,5,16.45,22.74,0.319
20,5,16.89,21.58,0.137
21,5,18.34,26.54,0.093
22,5,17.65,32.94,0.102
23,5,20.25,36.94,0.327
0,6,19.72,41.46,0.086
1,6,22.58,44.98,0.06
2,6,22.19,53.2,0.142
3,6,22.63,56.97,0.235
4,6,23.91,57.28,0.159
5,6,23.97,61.42,0.07
6,6,23.65,62.48,0.19
7,6,24.9,55.34,0.173
8,6,23.84,60.09,0.221
9,6,23.34,55.26,0.182
10,6,21.4,51.77,0.181
11,6,21.71,46.26,0.115
12,6,20.4,40.82,0.163
13,6,19.37,41.57,0.303
14,6,17.64,31.9,0.104
15,6,16.99,30.75,0.187
16,6,17.59,23.52,0.193
17,6,17.25,24.44,0.092
18,6,16.08,23.97,0.273
19,6,16.7,20.48,0.228
20,6,17.18,27.26,0.314
21,6,17.11,24.31,0.089
22,6,18.51,34.7,0.194
23,6,19.25,33.51,0.132
0,0,20.91,40.56,0.19
1,0,20.51,44.72,0.0
2,0,22.52,52.83,0.142
3,0,23.71,57.65,0.137
4,0,23.81,59.59,0.048
5,0,23.13,58.77,0.003
6,0,23.98,61.56,0.167
7,0,23.88,58.74,0.134
8,0,24.68,66.7,0.886
9,0,24.16,62.9,0.668
10,0,23.71,60.13,0.676
11,0,21.65,51.97,0.624
12,0,21.33,43.67,0.459
13,0,20.32,41.55,0.627
14,0,19.29,35.97,0.654
15,0,18.39,32.6,0.674
16,0,17.47,34.03,0.721
17,0,17.44,26.99,0.672
18,0,17.4,28.02,0.662
19,0,16.09,20.0,0.063
20,0,17.18,22.73,0.104
21,0,16.88,28.54,0.085
22,0,18.73,29.7,0.125
23,0,18.6,36.69,0.001
0,1,19.5,42.05,0.007
1,1,21.23,46.47,0.057
2,1,22.28,50.32,0.086
3,1,23.37,54.74,0.162
4,1,23.8,57.26,0.024
5,1,23.99,64.57,0.15
6,1,23.76,60.18,0.134
7,1,24.25,62.26,0.09
8,1,25.21,62.2,0.784
9,1,24.1,60.8,0.722
10,1,23.55,57.02,0.703
11,1,23.21,51.21,0.701
12,1,20.2,39.45,0.333
13,1,20.34,40.7,0.576
14,1,18.67,34.25,0.616
15,1,18.65,30.86,0.7
16,1,18.79,29.05,0.677
17,1,17.09,25.62,0.785
18,1,17.27,25.71,0.645
19,1,16.29,23.62,0.184
20,1,17.22,20.2,0.0
21,1,17.82,25.62,0.227
22,1,19.2,29.65,0.073
23,1,19.83,34.93,0.086
0,2,19.67,39.86,0.0
1,2,21.19,48.55,0.023
2,2,22.07,52.19,0.058
3,2,23.27,58.82,0.051
4,2,22.74,57.66,0.131
5,2,24.35,59.41,0.036
6,2,25.07,64.81,0.085
7,2,24.02,61.25,0.052
8,2,24.73,64.03,0.729
9,2,24.82,60.58,0.719
10,2,23.9,58.18,0.656
11,2,22.93,51.03,0.704
12,2,21.43,44.54,0.367
13,2,19.81,41.52,0.628
14,2,19.63,37.6,0.591
15,2,19.11,32.78,0.82
16,2,17.52,31.58,0.778
17,2,17.8,25.74,0.661
18,2,16.77,33.61,0.799
19,2,16.39,25.14,0.103
20,2,16.76,25.0,0.23
21,2,17.2,23.99,0.159
22,2,17.85,30.2,0.075
23,2,18.96,36.6,0.049
0,3,19.38,42.83,0.076
1,3,21.87,45.26,0.206
2,3,21.04,47.96,0.109
3,3,24.02,55.3,0.08
4,3,23.79,58.99,0.25
5,3,24.84,58.38,0.131
6,3,24.91,65.88,0.206
7,3,23.65,58.96,0.066
8,3,26.13,63.33,0.73
9,3,23.87,62.54,0.729
10,3,23.22,58.09,0.817
11,3,22.05,50.71,0.627
12,3,20.73,43.91,0.341
13,3,20.48,43.16,0.703
14,3,19.52,36.83,0.81
15,3,18.64,33.93,0.694
16,3,17.35,27.76,0.614
17,3,16.37,29.77,0.63
18,3,17.55,26.5,0.645
19,3,16.59,20.57,0.209
20,3,16.18,20.0,0.063
21,3,18.42,25.23,0.275
22,3,19.14,33.1,0.17
23,3,19.43,36.29,0.055
0,4,19.57,41.18,0.203
1,4,22.57,45.98,0.101
2,4,21.32,48.61,0.031
3,4,23.98,58.93,0.198
4,4,23.47,59.76,0.071
5,4,23.77,64.78,0.117
6,4,23.93,60.67,0.084
7,4,24.34,61.42,0.127
8,4,25.24,63.85,0.729
9,4,24.58,61.15,0.724
10,4,21.75,57.3,0.606
11,4,21.97,54.11,0.702
12,4,20.59,44.41,0.478
13,4,21.07,41.56,0.588
14,4,19.71,40.47,0.814
15,4,17.9,28.89,0.674
16,4,18.18,27.95,0.693
17,4,16.04,26.08,0.497
18,4,17.33,25.63,0.617
19,4,16.69,20.0,0.13
20,4,16.27,20.0,0.081
21,4,17.75,30.8,0.245
22,4,17.89,30.6,0.088
23,4,19.25,33.66,0.104
0,5,20.1,41.13,0.107
1,5,21.63,46.61,0.191
2,5,22.12,49.83,0.048
3,5,23.52,53.99,0.151
4,5,23.89,59.95,0.113
5,5,23.36,57.71,0.025
6,5,23.98,59.27,0.096
7,5,24.34,62.98,0.318
8,5,23.41,61.42,0.088
9,5,23.59,56.89,0.105
10,5,22.64,51.76,0.189
11,5,21.59,45.85,0.213
12,5,20.05,42.25,0.217
13,5,19.92,38.11,0.177
14,5,17.99,31.27,0.1
15,5,16.58,29.96,0.222
16,5,16.99,26.82,0.212
17,5,16.93,24.88,0.199
18,5,16.58,22.97,0.228
19,5,16.89,20.0,0.266
20,5,16.34,20.0,0.121
21,5,17.94,24.97,0.162
22,5,17.94,33.73,0.174
23,5,19.15,35.21,0.183
0,6,20.8,37.5,0.132
1,6,21.53,47.57,0.096
2,6,21.82,52.3,0.209
3,6,23.5,56.66,0.086
4,6,23.6,63.55,0.291
5,6,24.44,60.63,0.207
6,6,23.96,62.74,0.147
7,6,23.98,61.91,0.142
8,6,23.93,56.19,0.063
9,6,22.9,57.89,0.219
10,6,22.56,48.75,0.119
11,6,21.22,47.04,0.04
12,6,21.21,45.56,0.451
13,6,19.93,33.97,0.071
14,6,17.73,30.17,0.0
15,6,16.44,25.99,0.079
16,6,16.88,23.36,0.06
17,6,16.15,20.0,0.161
18,6,16.2,25.35,0.15
19,6,16.91,24.88,0.275
20,6,16.26,22.81,0.04
21,6,17.53,26.63,0.232
22,6,17.72,31.71,0.176
23,6,20.27,34.11,0.196
0,0,20.28,44.99,0.298
1,0,20.58,47.71,0.097
2,0,21.81,49.07,0.076
3,0,22.19,52.21,0.091
4,0,24.17,57.15,0.0
5,0,24.33,57.14,0.079
6,0,24.51,60.49,0.073
7,0,24.38,61.04,0.008
8,0,25.82,65.53,0.812
9,0,25.53,61.0,0.649
10,0,22.98,55.79,0.665
11,0,22.56,55.37,0.746
12,0,20.27,44.46,0.311
13,0,20.64,40.26,0.673
14,0,19.16,38.56,0.627
15,0,18.69,29.27,0.591
16,0,17.99,28.01,0.639
17,0,17.73,26.29,0.613
18,0,16.54,26.58,0.621
19,0,16.89,22.5,0.217
20,0,16.68,24.73,0.086
21,0,17.82,28.76,0.195
22,0,18.43,32.5,0.056
23,0,19.37,32.11,0.0
0,1,20.41,39.66,0.0
1,1,21.14,47.14,0.128
2,1,22.2,49.98,0.126
3,1,23.97,53.72,0.229
4,1,23.76,55.5,0.027
5,1,23.92,58.02,0.198
6,1,23.56,58.48,0.0
7,1,24.93,58.79,0.134
8,1,24.31,66.5,0.693
9,1,24.62,62.31,0.83
10,1,23.16,54.82,0.777
11,1,22.71,51.85,0.68
12,1,21.44,42.99,0.539
13,1,21.03,40.17,0.62
14,1,19.61,39.71,0.684
15,1,19.03,34.1,0.611
16,1,18.17,31.26,0.633
17,1,17.87,25.96,0.647
18,1,17.13,28.02,0.74
19,1,16.73,20.24,0.04
20,1,15.6,22.48,0.075
21,1,16.51,28.19,0.114
22,1,18.31,30.64,0.009
23,1,18.78,33.4,0.147
0,2,19.91,40.45,0.165
1,2,21.45,44.37,0.0
2,2,20.8,51.28,0.082
3,2,23.35,55.5,0.127
4,2,23.74,56.01,0.056
5,2,25.12,58.51,0.101
6,2,24.2,64.92,0.105
7,2,24.04,60.76,0.087
8,2,24.71,68.28,0.808
9,2,24.01,62.79,0.809
10,2,23.34,58.73,0.798
11,2,21.51,53.12,0.719
12,2,20.3,46.6,0.356
13,2,20.57,43.02,0.729
14,2,19.36,33.15,0.587
15,2,17.85,32.15,0.555
16,2,17.75,29.22,0.671
17,2,18.14,29.41,0.741
18,2,17.49,27.35,0.677
19,2,16.38,22.63,0.105
20,2,15.9,20.0,0.021
21,2,17.38,28.24,0.12
22,2,18.21,36.88,0.209
23,2,19.35,37.1,0.152
0,3,20.37,41.34,0.026
1,3,20.86,45.32,0.024
2,3,21.84,51.52,0.158
3,3,22.59,53.24,0.13
4,3,23.57,57.69,0.054
5,3,23.83,58.29,0.035
6,3,25.11,56.38,0.284
7,3,23.89,59.45,0.084
8,3,25.19,64.67,0.743
9,3,24.23,63.39,0.665
10,3,23.62,57.07,0.684
11,3,22.98,56.7,0.822
12,3,21.75,41.86,0.473
13,3,21.61,42.23,0.792
14,3,18.92,37.38,0.571
15,3,18.4,30.72,0.49
16,3,18.56,24.63,0.663
17,3,17.43,28.83,0.654
18,3,17.04,25.13,0.557
19,3,16.5,20.59,0.064
20,3,16.52,23.62,0.162
21,3,17.87,26.5,0.144
22,3,17.8,31.62,0.0
23,3,18.72,33.93,0.033
0,4,21.25,40.5,0.085
1,4,21.65,46.52,0.124
2,4,22.48,51.31,0.091
3,4,22.84,52.02,0.0
4,4,22.86,58.27,0.075
5,4,24.44,62.22,0.121
6,4,24.61,61.74,0.206
7,4,23.55,59.57,0.099
8,4,24.39,62.91,0.699
9,4,24.54,60.91,0.607
10,4,23.3,55.21,0.631
11,4,22.59,51.35,0.599
12,4,21.07,43.89,0.443
13,4,19.46,41.31,0.701
14,4,20.31,40.0,0.738
15,4,18.62,32.83,0.776
16,4,16.99,28.69,0.607
17,4,16.41,29.22,0.572
18,4,16.99,23.06,0.595
19,4,16.08,22.53,0.126
20,4,17.23,21.54,0.156
21,4,18.34,25.83,0.101
22,4,18.18,30.47,0.185
23,4,19.3,37.81,0.169
0,5,20.04,40.47,0.14
1,5,21.1,49.45,0.197
2,5,22.81,47.52,0.248
3,5,23.44,53.21,0.13
4,5,23.93,59.48,0.169
5,5,23.79,60.2,0.143
6,5,24.18,61.78,0.077
7,5,23.62,59.09,0.198
8,5,24.39,59.73,0.206
9,5,22.71,55.48,0.245
10,5,21.51,53.51,0.199
11,5,20.11,50.05,0.139
12,5,19.16,42.27,0.023
13,5,18.9,34.97,0.079
14,5,18.13,32.42,0.188
15,5,17.73,27.79,0.196
16,5,17.67,23.84,0.123
17,5,15.45,21.06,0.148
18,5,16.64,25.43,0.167
19,5,15.73,20.0,0.155
20,5,16.81,26.54,0.182
21,5,17.73,27.77,0.214
22,5,19.03,32.24,0.203
23,5,19.97,36.85,0.0
0,6,20.38,41.48,0.282
1,6,21.0,47.77,0.08
2,6,21.7,50.03,0.199
3,6,23.3,56.66,0.07
4,6,24.13,64.5,0.161
5,6,24.2,60.43,0.217
6,6,23.79,62.26,0.186
7,6,23.58,64.47,0.151
8,6,23.94,59.44,0.127
9,6,22.43,53.61,0.174
10,6,22.66,48.2,0.207
11,6,21.53,47.85,0.131
12,6,20.53,38.08,0.167
13,6,18.56,37.33,0.128
14,6,18.59,31.7,0.174
15,6,18.12,28.26,0.172
16,6,16.88,25.04,0.073
17,6,16.85,23.88,0.12
18,6,17.28,22.58,0.213
19,6,16.58,29.23,0.259
20,6,16.07,24.9,0.115
21,6,17.84,27.17,0.041
22,6,18.14,30.24,0.133
23,6,17.97,34.99,0.0
